consumer_id,meter_id,name,category,contracted_load_kw,zone_id,transformer_id,reported_kw,true_physical_kw,baseline_mean_kw,deviation_pct,anomaly_score,risk_level,probable_cause,confidence_pct,action
CONS_N_001,MTR_N_001,Residential Consumer #1 (Zone_1_North),Residential,3.0,Zone_1_North,TX_101,2.4,2.4,2.458,-2.3,20.7,NORMAL,NORMAL,95.0,Continue Routine Smart Meter Monitoring
CONS_N_002,MTR_N_002,Residential Consumer #2 (Zone_1_North),Residential,3.0,Zone_1_North,TX_101,3.179,3.179,2.528,25.8,19.7,NORMAL,NORMAL,95.0,Continue Routine Smart Meter Monitoring
CONS_N_003,MTR_N_003,Commercial Consumer #3 (Zone_1_North),Commercial,15.0,Zone_1_North,TX_101,7.68,7.68,7.535,1.9,22.5,NORMAL,NORMAL,95.0,Continue Routine Smart Meter Monitoring
CONS_N_004,MTR_N_004,LightIndustrial Consumer #4 (Zone_1_North),LightIndustrial,25.0,Zone_1_North,TX_101,0.888,3.172,3.533,-74.9,77.4,HIGH,THEFT_TAMPERING,83.7,HIGH PRIORITY: Issue physical inspection warrant. Dispatch anti-theft squad to verify meter shunt/bypass
CONS_N_005,MTR_N_005,Residential Consumer #5 (Zone_1_North),Residential,3.0,Zone_1_North,TX_101,2.61,2.61,2.45,6.5,20.2,NORMAL,NORMAL,95.0,Continue Routine Smart Meter Monitoring
CONS_N_006,MTR_N_006,Residential Consumer #6 (Zone_1_North),Residential,4.5,Zone_1_North,TX_101,4.083,4.083,3.593,13.6,16.8,NORMAL,NORMAL,95.0,Continue Routine Smart Meter Monitoring
CONS_N_007,MTR_N_007,Residential Consumer #7 (Zone_1_North),Residential,3.0,Zone_1_North,TX_101,2.425,2.425,2.4,1.0,20.5,NORMAL,NORMAL,95.0,Continue Routine Smart Meter Monitoring
CONS_N_008,MTR_N_008,Residential Consumer #8 (Zone_1_North),Residential,6.0,Zone_1_North,TX_101,4.977,4.977,4.666,6.7,17.8,NORMAL,NORMAL,95.0,Continue Routine Smart Meter Monitoring
CONS_N_009,MTR_N_009,Residential Consumer #9 (Zone_1_North),Residential,4.5,Zone_1_North,TX_101,1.254,3.584,3.557,-64.7,98.5,CRITICAL,THEFT_TAMPERING,94.2,HIGH PRIORITY: Issue physical inspection warrant. Dispatch anti-theft squad to verify meter shunt/bypass
CONS_N_010,MTR_N_010,Residential Consumer #10 (Zone_1_North),Residential,6.0,Zone_1_North,TX_101,4.839,4.839,4.699,3.0,17.8,NORMAL,NORMAL,95.0,Continue Routine Smart Meter Monitoring
CONS_N_011,MTR_N_011,Residential Consumer #11 (Zone_1_North),Residential,6.0,Zone_1_North,TX_101,5.21,5.21,4.727,10.2,18.4,NORMAL,NORMAL,95.0,Continue Routine Smart Meter Monitoring
CONS_N_012,MTR_N_012,Residential Consumer #12 (Zone_1_North),Residential,3.0,Zone_1_North,TX_101,3.318,3.318,2.372,39.9,21.2,NORMAL,NORMAL,95.0,Continue Routine Smart Meter Monitoring
CONS_N_013,MTR_N_013,Commercial Consumer #13 (Zone_1_North),Commercial,15.0,Zone_1_North,TX_101,8.918,8.918,7.666,16.3,24.3,NORMAL,NORMAL,95.0,Continue Routine Smart Meter Monitoring
CONS_N_014,MTR_N_014,Residential Consumer #14 (Zone_1_North),Residential,6.0,Zone_1_North,TX_101,5.987,5.987,4.854,23.4,22.2,NORMAL,NORMAL,95.0,Continue Routine Smart Meter Monitoring
CONS_N_015,MTR_N_015,Residential Consumer #15 (Zone_1_North),Residential,6.0,Zone_1_North,TX_101,0.42,5.226,4.765,-91.2,82.0,HIGH,METER_MALFUNCTION,94.0,Dispatch field technician for on-site diagnostic bench test and firmware refresh
CONS_N_016,MTR_N_016,Residential Consumer #16 (Zone_1_North),Residential,6.0,Zone_1_North,TX_101,6.309,6.309,4.736,33.2,25.0,NORMAL,NORMAL,95.0,Continue Routine Smart Meter Monitoring
CONS_N_017,MTR_N_017,Commercial Consumer #17 (Zone_1_North),Commercial,15.0,Zone_1_North,TX_101,9.112,9.112,7.742,17.7,22.7,NORMAL,NORMAL,95.0,Continue Routine Smart Meter Monitoring
CONS_N_018,MTR_N_018,Residential Consumer #18 (Zone_1_North),Residential,4.5,Zone_1_North,TX_101,3.529,3.529,3.592,-1.8,15.4,NORMAL,NORMAL,95.0,Continue Routine Smart Meter Monitoring
CONS_N_019,MTR_N_019,Commercial Consumer #19 (Zone_1_North),Commercial,8.0,Zone_1_North,TX_101,5.209,5.209,4.23,23.1,20.8,NORMAL,NORMAL,95.0,Continue Routine Smart Meter Monitoring
CONS_N_020,MTR_N_020,Residential Consumer #20 (Zone_1_North),Residential,6.0,Zone_1_North,TX_101,5.561,5.561,4.778,16.4,21.3,NORMAL,NORMAL,95.0,Continue Routine Smart Meter Monitoring
CONS_N_021,MTR_N_021,Residential Consumer #21 (Zone_1_North),Residential,6.0,Zone_1_North,TX_101,0.0,4.667,0.0,-100.0,68.0,MEDIUM,COMM_FAILURE,92.0,Dispatch AMI network tech to inspect RF/cellular meter antenna; verify power to collector node
CONS_N_022,MTR_N_022,Residential Consumer #22 (Zone_1_North),Residential,4.5,Zone_1_North,TX_101,3.546,3.546,3.649,-2.8,15.5,NORMAL,NORMAL,95.0,Continue Routine Smart Meter Monitoring
CONS_N_023,MTR_N_023,Residential Consumer #23 (Zone_1_North),Residential,3.0,Zone_1_North,TX_101,3.182,3.182,2.366,34.5,21.3,NORMAL,NORMAL,95.0,Continue Routine Smart Meter Monitoring
CONS_N_024,MTR_N_024,Commercial Consumer #24 (Zone_1_North),Commercial,15.0,Zone_1_North,TX_101,8.924,8.924,7.789,14.6,22.6,NORMAL,NORMAL,95.0,Continue Routine Smart Meter Monitoring
CONS_S_001,MTR_S_001,Commercial Consumer #1 (Zone_2_South),Commercial,8.0,Zone_2_South,TX_102,4.579,4.579,4.166,9.9,19.6,NORMAL,NORMAL,95.0,Continue Routine Smart Meter Monitoring
CONS_S_002,MTR_S_002,Commercial Consumer #2 (Zone_2_South),Commercial,15.0,Zone_2_South,TX_102,7.574,7.574,7.679,-1.4,22.1,NORMAL,NORMAL,95.0,Continue Routine Smart Meter Monitoring
CONS_S_003,MTR_S_003,Residential Consumer #3 (Zone_2_South),Residential,3.0,Zone_2_South,TX_102,10.185,10.185,2.457,314.5,25.5,NORMAL,NORMAL,95.0,Continue Routine Smart Meter Monitoring
CONS_S_004,MTR_S_004,Residential Consumer #4 (Zone_2_South),Residential,3.0,Zone_2_South,TX_102,2.216,2.216,2.449,-9.5,20.3,NORMAL,NORMAL,95.0,Continue Routine Smart Meter Monitoring
CONS_S_005,MTR_S_005,Residential Consumer #5 (Zone_2_South),Residential,6.0,Zone_2_South,TX_102,5.505,5.505,4.685,17.5,20.8,NORMAL,NORMAL,95.0,Continue Routine Smart Meter Monitoring
CONS_S_006,MTR_S_006,Residential Consumer #6 (Zone_2_South),Residential,6.0,Zone_2_South,TX_102,4.384,4.384,4.69,-6.5,17.4,NORMAL,NORMAL,95.0,Continue Routine Smart Meter Monitoring
CONS_S_007,MTR_S_007,Residential Consumer #7 (Zone_2_South),Residential,6.0,Zone_2_South,TX_102,5.044,5.044,4.771,5.7,18.1,NORMAL,NORMAL,95.0,Continue Routine Smart Meter Monitoring
CONS_S_008,MTR_S_008,Residential Consumer #8 (Zone_2_South),Residential,3.0,Zone_2_South,TX_102,2.461,2.461,2.395,2.8,20.5,NORMAL,NORMAL,95.0,Continue Routine Smart Meter Monitoring
CONS_S_009,MTR_S_009,Residential Consumer #9 (Zone_2_South),Residential,3.0,Zone_2_South,TX_102,2.135,2.135,2.488,-14.2,20.3,NORMAL,NORMAL,95.0,Continue Routine Smart Meter Monitoring
CONS_S_010,MTR_S_010,Residential Consumer #10 (Zone_2_South),Residential,6.0,Zone_2_South,TX_102,5.393,5.393,4.684,15.1,20.0,NORMAL,NORMAL,95.0,Continue Routine Smart Meter Monitoring
CONS_S_011,MTR_S_011,Residential Consumer #11 (Zone_2_South),Residential,3.0,Zone_2_South,TX_102,0.0,2.343,2.466,-100.0,88.0,HIGH,METER_MALFUNCTION,94.0,Replace defective meter unit; recalibrate CT sensor
CONS_S_012,MTR_S_012,Residential Consumer #12 (Zone_2_South),Residential,4.5,Zone_2_South,TX_102,3.592,3.592,3.546,1.3,15.2,NORMAL,NORMAL,95.0,Continue Routine Smart Meter Monitoring
CONS_S_013,MTR_S_013,Residential Consumer #13 (Zone_2_South),Residential,6.0,Zone_2_South,TX_102,4.209,4.209,4.691,-10.3,16.4,NORMAL,NORMAL,95.0,Continue Routine Smart Meter Monitoring
CONS_S_014,MTR_S_014,LightIndustrial Consumer #14 (Zone_2_South),LightIndustrial,25.0,Zone_2_South,TX_102,3.735,3.735,3.509,6.5,18.0,NORMAL,NORMAL,95.0,Continue Routine Smart Meter Monitoring
CONS_S_015,MTR_S_015,Commercial Consumer #15 (Zone_2_South),Commercial,15.0,Zone_2_South,TX_102,8.61,8.61,7.651,12.5,24.2,NORMAL,NORMAL,95.0,Continue Routine Smart Meter Monitoring
CONS_S_016,MTR_S_016,Residential Consumer #16 (Zone_2_South),Residential,6.0,Zone_2_South,TX_102,5.577,5.577,4.819,15.7,21.0,NORMAL,NORMAL,95.0,Continue Routine Smart Meter Monitoring
CONS_S_017,MTR_S_017,Residential Consumer #17 (Zone_2_South),Residential,4.5,Zone_2_South,TX_102,3.827,3.827,3.647,4.9,15.6,NORMAL,NORMAL,95.0,Continue Routine Smart Meter Monitoring
CONS_S_018,MTR_S_018,Commercial Consumer #18 (Zone_2_South),Commercial,15.0,Zone_2_South,TX_102,0.2,8.386,7.566,-97.4,73.1,HIGH,THEFT_TAMPERING,81.6,HIGH PRIORITY: Issue physical inspection warrant. Dispatch anti-theft squad to verify meter shunt/bypass
CONS_S_019,MTR_S_019,Commercial Consumer #19 (Zone_2_South),Commercial,15.0,Zone_2_South,TX_102,9.844,9.844,7.774,26.6,23.6,NORMAL,NORMAL,95.0,Continue Routine Smart Meter Monitoring
CONS_S_020,MTR_S_020,Residential Consumer #20 (Zone_2_South),Residential,3.0,Zone_2_South,TX_102,2.672,2.672,2.443,9.4,20.3,NORMAL,NORMAL,95.0,Continue Routine Smart Meter Monitoring
CONS_S_021,MTR_S_021,Residential Consumer #21 (Zone_2_South),Residential,4.5,Zone_2_South,TX_102,3.426,3.426,3.577,-4.2,15.8,NORMAL,NORMAL,95.0,Continue Routine Smart Meter Monitoring
CONS_S_022,MTR_S_022,Residential Consumer #22 (Zone_2_South),Residential,3.0,Zone_2_South,TX_102,2.26,2.26,2.419,-6.6,20.1,NORMAL,NORMAL,95.0,Continue Routine Smart Meter Monitoring
CONS_S_023,MTR_S_023,Residential Consumer #23 (Zone_2_South),Residential,6.0,Zone_2_South,TX_102,5.118,5.118,4.679,9.4,18.3,NORMAL,NORMAL,95.0,Continue Routine Smart Meter Monitoring
CONS_S_024,MTR_S_024,Residential Consumer #24 (Zone_2_South),Residential,4.5,Zone_2_South,TX_102,3.784,3.784,3.646,3.8,14.9,NORMAL,NORMAL,95.0,Continue Routine Smart Meter Monitoring
